<keymap version="1" name="GNOME copy" parent="Default for GNOME">
  <action id="Back">
    <keyboard-shortcut first-keystroke="ctrl alt left" />
  </action>
  <action id="ChangesView.ShelveSilently" />
  <action id="Forward">
    <keyboard-shortcut first-keystroke="ctrl alt right" />
  </action>
  <action id="MethodHierarchy" />
  <action id="MethodHierarchy.BaseOnThisMethod" />
  <action id="PasteMultiple">
    <keyboard-shortcut first-keystroke="shift ctrl insert" />
  </action>
  <action id="SplitHorizontally">
    <keyboard-shortcut first-keystroke="shift ctrl h" />
  </action>
  <action id="SplitVertically">
    <keyboard-shortcut first-keystroke="shift ctrl v" />
  </action>
  <action id="Terminal.Paste">
    <keyboard-shortcut first-keystroke="ctrl v" />
    <keyboard-shortcut first-keystroke="shift insert" />
  </action>
  <action id="copilot.applyInlaysNextLine" />
</keymap>